,category,id,name,target
0,technology,article-jan-0418,21st-Century Sports: How Digital Technology Is Changing the Face Of The Sporting Industry,0
1,business,article-jan-0027,Asian quake hits European shares,1
2,technology,article-jan-0631,BT offers free net phone calls,0
3,business,article-jan-2105,Barclays shares up on merger talk,1
4,sport,article-jan-3300,Barkley fit for match in Ireland,2
5,sport,article-jan-4187,Bellamy under new fire,2
6,sport,article-jan-1974,Benitez 'to launch Morientes bid',2
7,sport,article-jan-3666,Benitez delight after crucial win,2
8,technology,article-jan-2629,Big war games battle it out,0
9,technology,article-jan-2415,British Library gets wireless net,0
10,sport,article-jan-4210,Brizzel to run AAA's in Sheffield,2
11,business,article-jan-4789,Bush budget seeks deep cutbacks,1
12,business,article-jan-3452,Bush to get 'tough' on deficit,1
13,technology,article-jan-2428,Cable offers video-on-demand,0
14,technology,article-jan-4766,Cabs collect mountain of mobiles,0
15,technology,article-jan-2595,Camera phones are 'must-haves',0
16,business,article-jan-2935,Card fraudsters 'targeting web',1
17,business,article-jan-0578,Cash gives way to flexible friend,1
18,technology,article-jan-3023,Cebit opens to mobile music tune,0
19,sport,article-jan-2356,Charvis set to lose fitness bid,2
20,sport,article-jan-1023,Chelsea hold Arsenal,2
21,business,article-jan-0641,Christmas sales worst since 1981,1
22,sport,article-jan-2461,Clijsters set for February return,2
23,sport,article-jan-4541,Clyde 0-5 Celtic,2
24,sport,article-jan-1259,Coach Ranieri sacked by Valencia,2
25,technology,article-jan-4007,Confusion over high-definition TV,0
26,business,article-jan-4171,Cuba winds back economic clock,1
27,technology,article-jan-0272,DS aims to touch gamers,0
28,sport,article-jan-4894,Dawson set for new Wasps contract,2
29,business,article-jan-4504,Diageo to buy US wine firm,1
30,technology,article-jan-1740,Digital guru floats sub-$100 PC,0
31,business,article-jan-2390,EU aiming to fuel development aid,1
32,sport,article-jan-4471,England 17-18 France,2
33,business,article-jan-3978,Enron bosses in $168m payout,1
34,business,article-jan-2209,Euronext 'poised to make LSE bid',1
35,business,article-jan-0858,Europe asks Asia for euro help,1
36,business,article-jan-3187,Europe blames US over weak dollar,1
37,business,article-jan-1282,Fannie Mae 'should restate books',1
38,technology,article-jan-3414,Featured: 'Brainwave' cap controls computer,0
39,technology,article-jan-2289,Featured: 'Evil twin' fear for wireless net,0
40,technology,article-jan-1899,Featured: 'Friends fear' with lost mobiles,0
41,business,article-jan-3686,Featured: 'Post-Christmas lull' in lending,1
42,business,article-jan-3679,Fed warns of more US rate rises,1
43,sport,article-jan-1469,Federer forced to dig deep,2
44,sport,article-jan-4815,Ferguson puts faith in youngsters,2
45,business,article-jan-1761,GE sees 'excellent' world economy,1
46,business,article-jan-4519,GM issues 2005 profits warning,1
47,technology,article-jan-0248,Gangsters dominate gaming chart,0
48,sport,article-jan-1280,Gardener wins double in Glasgow,2
49,business,article-jan-0154,Gazprom 'in $36m back-tax claim',1
50,business,article-jan-4182,German growth goes into reverse,1
51,business,article-jan-3155,Germany calls for EU reform,1
52,technology,article-jan-0502,Go-ahead for new internet names,0
53,sport,article-jan-1027,Greek duo cleared in doping case,2
54,sport,article-jan-3810,Hansen 'delays return until 2006',2
55,sport,article-jan-1481,Henman & Murray claim LTA awards,2
56,sport,article-jan-2551,Henman decides to quit Davis Cup,2
57,technology,article-jan-0989,Hi-tech posters guide commuters,0
58,sport,article-jan-0633,Hodgson shoulders England blame,2
59,technology,article-jan-1566,Hollywood to sue net film pirates,0
60,sport,article-jan-0791,Holmes secures comeback victory,2
61,business,article-jan-2691,House prices suffer festive fall,1
62,sport,article-jan-3650,IAAF launches fight against drugs,2
63,business,article-jan-1867,India-Pakistan peace boosts trade,1
64,business,article-jan-2835,Iraqi voters turn to economic issues,1
65,sport,article-jan-1079,Jansen suffers a further setback,2
66,technology,article-jan-4592,Latest Opera browser gets vocal,0
67,business,article-jan-4111,Laura Ashley chief stepping down,1
68,technology,article-jan-0599,Learning to love broadband,0
69,technology,article-jan-0969,Mac Mini heralds mini revolution,0
70,business,article-jan-2042,Macy's owner buys rival for $11bn,1
71,business,article-jan-0050,Madagascar completes currency switch,1
72,sport,article-jan-4860,McLeish ready for criticism,2
73,technology,article-jan-0180,Mobile games come of age,0
74,technology,article-jan-1582,More power to the people says HP,0
75,sport,article-jan-4456,Mourinho sends out warning shot,2
76,sport,article-jan-3002,Moya suffers shock loss,2
77,sport,article-jan-2380,Moyes U-turn on Beattie dismissal,2
78,sport,article-jan-3243,Murray returns to Scotland fold,2
79,business,article-jan-3151,Mystery surrounds new Yukos owner,1
80,sport,article-jan-2619,Off-colour Gardener storms to win,2
81,business,article-jan-1811,Oil companies get Russian setback,1
82,sport,article-jan-3831,Owen may have to return home,2
83,sport,article-jan-4567,Pearce keen on succeeding Keegan,2
84,technology,article-jan-3938,Poles play with GameBoy 'blip-pop',0
85,sport,article-jan-4175,Premier League probes Cole claims,2
86,sport,article-jan-0237,Prodigy Monfils blows away Gaudio,2
87,technology,article-jan-0924,Remote control rifle range debuts,0
88,sport,article-jan-1731,Robinson ready for difficult task,2
89,technology,article-jan-3981,Row brewing over peer-to-peer ads,0
90,sport,article-jan-2769,Rusedski angry over supplements,2
91,business,article-jan-2140,S Korean lender faces liquidation,1
92,sport,article-jan-3329,SFA awaits report over Mikoliunas,2
93,sport,article-jan-1087,Safin cool on Wimbledon,2
94,sport,article-jan-0480,Safin plays down Wimbledon hopes,2
95,technology,article-jan-2591,Satellite mapping aids Darfur relief,0
96,technology,article-jan-2407,Search sites get closer to users,0
97,technology,article-jan-1520,Security scares spark browser fix,0
98,business,article-jan-3036,Senior Fannie Mae bosses resign,1
99,technology,article-jan-1051,Solutions to net security fears,0
100,business,article-jan-2864,Split-caps pay £194m compensation,1
101,sport,article-jan-4078,Sports Stock Tips,2
102,business,article-jan-0269,Strong quarterly growth for Nike,1
103,technology,article-jan-1728,T-Mobile bets on 'pocket office',0
104,sport,article-jan-0976,Thanou desperate to make return,2
105,sport,article-jan-3315,Thompson says Gerrard should stay,2
106,sport,article-jan-3425,Time to get tough on friendlies?,2
107,technology,article-jan-1296,US peer-to-peer pirates convicted,0
108,technology,article-jan-4675,US top of supercomputing charts,0
109,business,article-jan-3694,Venezuela and China sign oil deal,1
110,business,article-jan-1550,Weak end-of-year sales hit Next,1
111,sport,article-jan-1587,Williams says he will never quit,2
112,business,article-jan-0587,Winemaker rejects Foster's offer,1
113,business,article-jan-1650,Worldcom boss 'left books alone',1
114,technology,article-jan-0867,Xbox 2 may be unveiled in summer,0
115,technology,article-jan-0457,Xbox power cable 'fire fear',0
116,business,article-jan-2075,Yangtze Electric's profits double,1
117,business,article-jan-3244,Yukos loses US bankruptcy battle,1
118,business,article-feb-3392,7 business technology trends to watch,1
119,sport,article-feb-0704,A November to remember,2
120,technology,article-feb-0913,A question of trust and technology,0
121,business,article-feb-3975,Ad sales boost Time Warner profit,1
122,sport,article-feb-0641,African double in Edinburgh,2
123,business,article-feb-0608,Air passengers win new EU rights,1
124,technology,article-feb-4436,Anti-spam screensaver scrapped,0
125,sport,article-feb-0930,Arsenal through on penalties,2
126,business,article-feb-4492,BP surges ahead on high oil price,1
127,business,article-feb-4474,Bank holds interest rate at 4.75%,1
128,business,article-feb-4340,Bank set to leave rates on hold,1
129,sport,article-feb-1116,Bekele sets sights on world mark,2
130,sport,article-feb-2873,Bitter Santini hits out at Spurs,2
131,technology,article-feb-2303,Blogs take on the mainstream,0
132,business,article-feb-2977,Brewers' profits lose their fizz,1
133,business,article-feb-4547,Bush to outline 'toughest' budget,1
134,business,article-feb-3154,Buyers snap up Jet Airways' shares,1
135,business,article-feb-1466,Cairn shares up on new oil find,1
136,sport,article-feb-3116,Campbell to extend sprint career,2
137,sport,article-feb-3641,Celtic make late bid for Bellamy,2
138,sport,article-feb-3724,Charlton 1-2 Liverpool,2
139,sport,article-feb-1553,Chepkemei joins Edinburgh line-up,2
140,business,article-feb-0192,"Chinese billionaire targets Manchester United shares in new deal, reports suggest",1
141,sport,article-feb-2830,Collins calls for Chambers return,2
142,technology,article-feb-2366,Commodore finds new lease of life,0
143,technology,article-feb-3261,Creator of first Apple Mac dies,0
144,sport,article-feb-2526,Cudicini misses Carling Cup final,2
145,sport,article-feb-3097,Davenport hits out at Wimbledon,2
146,sport,article-feb-1454,Davies favours Gloucester future,2
147,business,article-feb-0258,Deutsche Telekom sees mobile gain,1
148,sport,article-feb-4548,"Dibaba breaks 5,000m world record",2
149,sport,article-feb-0679,Dogged Federer claims Dubai crown,2
150,business,article-feb-1000,Dollar hovers around record lows,1
151,sport,article-feb-1821,Dundee Utd 4-1 Aberdeen,2
152,business,article-feb-4494,EC calls truce in deficit battle,1
153,business,article-feb-0250,EU-US seeking deal on air dispute,1
154,business,article-feb-2382,Egypt and Israel seal trade deal,1
155,business,article-feb-4407,Egypt to sell off state-owned bank,1
156,sport,article-feb-3768,El Guerrouj targets cross country,2
157,sport,article-feb-3375,FA ready to test out goal bleeper,2
158,business,article-feb-2553,FBI agent colludes with analyst,1
159,technology,article-feb-2750,Fast moving phone bugs appear,0
160,sport,article-feb-0829,Ferguson fears Milan cutting edge,2
161,sport,article-feb-3941,Finnan says Irish can win group,2
162,sport,article-feb-1333,Fit-again Betsen in France squad,2
163,business,article-feb-3708,Five million Germans out of work,1
164,technology,article-feb-1684,Format wars could 'confuse users',0
165,sport,article-feb-4876,Giggs handed Wales leading role,2
166,technology,article-feb-1493,Gritty return for Prince of Persia,0
167,sport,article-feb-0113,Hewitt survives Nalbandian epic,2
168,business,article-feb-2502,Honda wins China copyright ruling,1
169,business,article-feb-2351,India seeks to boost construction,1
170,business,article-feb-1245,India's Deccan gets more planes,1
171,business,article-feb-2809,Indy buys into India paper,1
172,business,article-feb-4569,Intercom raises €101m in funding round making it the most valuable Irish tech firm,1
173,business,article-feb-4323,Iranian MPs threaten mobile deal,1
174,business,article-feb-3937,Irish company hit by Iraqi report,1
175,sport,article-feb-1582,Italy aim to rattle England,2
176,business,article-feb-1312,Italy to get economic action plan,1
177,sport,article-feb-2836,Juninho demand for O'Neill talks,2
178,sport,article-feb-0505,Kenyon denies Robben Barca return,2
179,sport,article-feb-3556,Kerr frustrated at victory margin,2
180,sport,article-feb-4691,Klinsmann issues Lehmann warning,2
181,business,article-feb-4543,LSE 'sets date for takeover deal',1
182,sport,article-feb-3028,Lewis-Francis eyeing world gold,2
183,technology,article-feb-1960,Lifestyle 'governs mobile choice',0
184,technology,article-feb-4127,Looks and music to drive mobiles,0
185,sport,article-feb-4247,Man Utd through after Exeter test,2
186,sport,article-feb-2114,Martinez sees off Vinci challenge,2
187,technology,article-feb-0571,Microsoft makes anti-piracy move,0
188,sport,article-feb-0451,Middlesbrough 2-2 Charlton,2
189,sport,article-feb-1201,Mido makes third apology,2
190,technology,article-feb-4578,Millions buy MP3 players in US,0
191,business,article-feb-3474,Mixed signals from French economy,1
192,technology,article-feb-4987,Mobile picture power in your pocket,0
193,sport,article-feb-4718,Moore questions captaincy,2
194,sport,article-feb-2135,More Africans for tsunami game,2
195,sport,article-feb-1118,Murphy: That was a bruising battle,2
196,sport,article-feb-4768,Navratilova hits out at critics,2
197,sport,article-feb-4017,O'Driscoll out of Scotland game,2
198,sport,article-feb-1005,O'Gara revels in Ireland victory,2
199,sport,article-feb-0504,Owen dismisses fresh Real rumours,2
200,technology,article-feb-1308,PC ownership to 'double by 2010',0
201,sport,article-feb-2371,Paris promise raises Welsh hopes,2
202,business,article-feb-3067,Parmalat sues 45 banks over crash,1
203,technology,article-feb-1134,Progress on new internet domains,0
204,business,article-feb-1004,Qantas considers offshore option,1
205,sport,article-feb-0814,Radcliffe tackles marathon tasks,2
206,sport,article-feb-4229,Rangers seal Old Firm win,2
207,sport,article-feb-0630,Record fails to lift lacklustre meet,2
208,business,article-feb-2030,Record year for Chilean copper,1
209,sport,article-feb-1336,Republic to face China and Italy,2
210,sport,article-feb-3074,Robben sidelined with broken foot,2
211,technology,article-feb-1812,Robots learn 'robotiquette' rules,0
212,technology,article-feb-1149,Rolling out next generation's net,0
213,business,article-feb-0800,Russia WTO talks 'make progress',1
214,technology,article-feb-2206,Screensaver tackles spam websites,0
215,technology,article-feb-0110,Slim PlayStation triples sales,0
216,business,article-feb-3700,Standard Life concern at LSE bid,1
217,business,article-feb-4539,"Steel firm 'to cut' 45,000 jobs",1
218,sport,article-feb-0707,Stuart joins Norwich from Addicks,2
219,technology,article-feb-2055,Sun offers processing by the hour,0
220,technology,article-feb-4838,Tech helps disabled speed demons,0
221,technology,article-feb-2802,Telewest to challenge Sky Plus,0
222,sport,article-feb-2640,Thanou bullish over drugs hearing,2
223,technology,article-feb-4399,The Force is strong in Battlefront,0
224,technology,article-feb-0406,The gaming world in 2005,0
225,business,article-feb-2304,Turkey knocks six zeros off lira,1
226,business,article-feb-2170,UK Coal plunges into deeper loss,1
227,business,article-feb-3783,US trade gap ballooned in October,1
228,business,article-feb-4402,Unilever shake up as profit slips,1
229,sport,article-feb-1028,Wales get Williams fitness boost,2
230,sport,article-feb-2316,Wales stars need a rest - Ruddock,2
231,business,article-feb-0243,Wall Street cool to eBay's profit,1
232,technology,article-feb-2017,Warnings about junk mail deluge,0
233,technology,article-feb-2660,Web radio takes Spanish rap global,0
234,sport,article-feb-0224,Wenger shock at Newcastle dip,2
235,technology,article-feb-2955,When invention turns to innovation,0
236,technology,article-feb-4616,Who do you think you are?,0
237,sport,article-feb-0576,Wilkinson to miss Ireland match,2
238,business,article-feb-0519,Winn-Dixie files for bankruptcy,1
239,business,article-feb-1952,Yukos sues four firms for $20bn,1
240,sport,article-mar-1126,A year to remember for Irish,2
241,sport,article-mar-3331,An Irish Athletics Year,2
242,sport,article-mar-3141,Arnesen denies rift with Santini,2
243,business,article-mar-3697,Asia shares defy post-quake gloom,1
244,business,article-mar-3655,Bank payout to Pinochet victims,1
245,sport,article-mar-2120,Barcelona title hopes hit by loss,2
246,business,article-mar-2380,Bargain calls widen Softbank loss,1
247,sport,article-mar-1445,Bayern Munich 3-1 Arsenal,2
248,sport,article-mar-1627,Benitez deflects blame from Dudek,2
249,technology,article-mar-0220,Blog reading explodes in America,0
250,technology,article-mar-1595,Broadband challenges TV viewing,0
251,technology,article-mar-4085,Broadband in the UK growing fast,0
252,sport,article-mar-2495,Calder fears for Scottish rugby,2
253,sport,article-mar-4902,Captains lining up for Aid match,2
254,sport,article-mar-3484,Celts savour Grand Slam prospect,2
255,sport,article-mar-1905,Chelsea ridiculed over complaint,2
256,business,article-mar-1702,China keeps tight rein on credit,1
257,technology,article-mar-4607,China net cafe culture crackdown,0
258,business,article-mar-4510,China suspends 26 power projects,1
259,business,article-mar-1543,Christmas shoppers flock to tills,1
260,sport,article-mar-0210,Collins named UK Athletics chief,2
261,technology,article-mar-1989,Court mulls file-sharing future,0
262,business,article-mar-4293,Crude oil prices back above $50,1
263,technology,article-mar-0521,Cyber criminals step up the pace,0
264,technology,article-mar-3692,DVD copy protection strengthened,0
265,business,article-mar-2874,Deutsche attacks Yukos case,1
266,sport,article-mar-3420,Disappointed Scott in solid start,2
267,business,article-mar-3360,Durex maker SSL awaits firm bid,1
268,technology,article-mar-0037,EA to take on film and TV giants,0
269,sport,article-mar-2432,Edu blasts Arsenal,2
270,technology,article-mar-1244,Europe backs digital TV lifestyle,0
271,sport,article-mar-1251,Farrell saga to drag on - Lindsay,2
272,business,article-mar-0183,Featured: 'Golden economic period' to end,1
273,business,article-mar-2000,Feta cheese battle reaches court,1
274,business,article-mar-3083,Firms pump billions into pensions,1
275,technology,article-mar-3722,First look at PlayStation 3 chip,0
276,business,article-mar-1165,Ford gains from finance not cars,1
277,sport,article-mar-2123,Fuming Robinson blasts officials,2
278,sport,article-mar-3909,GB quartet get cross country call,2
279,technology,article-mar-0579,Gadget market 'to grow in 2005',0
280,technology,article-mar-3023,Gadgets galore on show at fair,0
281,technology,article-mar-0977,Games help you 'learn and play',0
282,business,article-mar-4216,Gaming firm to sell UK dog tracks,1
283,business,article-mar-2195,Germany nears 1990 jobless level,1
284,sport,article-mar-4576,Greek pair attend drugs hearing,2
285,sport,article-mar-2382,Gronkjaer agrees switch to Madrid,2
286,technology,article-mar-0012,Half of UK's mobiles 'go online',0
287,sport,article-mar-4343,Hantuchova in Dubai last eight,2
288,technology,article-mar-3567,Have hackers recruited your PC?,0
289,sport,article-mar-1674,Healey targets England comeback,2
290,business,article-mar-3810,High fuel costs hit US airlines,1
291,business,article-mar-3301,High fuel prices hit BA's profits,1
292,technology,article-mar-2795,Hotspot users gain free net calls,0
293,business,article-mar-3037,House prices drop as sales slow,1
294,business,article-mar-1629,House prices show slight increase,1
295,technology,article-mar-0481,ITunes user sues Apple over iPod,0
296,business,article-mar-0388,India widens access to telecoms,1
297,technology,article-mar-1453,Iran jails blogger for 14 years,0
298,business,article-mar-1606,Irish duo could block Man Utd bid,1
299,sport,article-mar-1230,Italy 8-38 Wales,2
300,sport,article-mar-3153,Johnson uncertain about Euro bid,2
301,sport,article-mar-0170,Kirwan demands Italy consistency,2
302,business,article-mar-4481,Liberian economy starts to grow,1
303,business,article-mar-4754,Malaysia lifts Islamic bank limit,1
304,sport,article-mar-3612,Man Utd stroll to Cup win,2
305,technology,article-mar-3927,Man auctions ad space on forehead,0
306,business,article-mar-4340,Manufacturing recovery 'slowing',1
307,business,article-mar-1335,Markets signal Brazilian recovery,1
308,sport,article-mar-2040,Merritt close to indoor 400m mark,2
309,technology,article-mar-0033,Microsoft debuts security tools,0
310,technology,article-mar-2536,Microsoft releases patches,0
311,business,article-mar-4512,Minister hits out at Yukos sale,1
312,sport,article-mar-4615,Mirza shocks Kuznetsova,2
313,sport,article-mar-4246,Mourinho receives Robson warning,2
314,sport,article-mar-4861,Moya emotional after Davis Cup win,2
315,business,article-mar-4279,Nasdaq planning $100m share sale,1
316,sport,article-mar-4599,Newcastle 2-1 Bolton,2
317,sport,article-mar-2276,Newcastle to join Morientes race,2
318,business,article-mar-1739,News Corp makes $5.4bn Fox offer,1
319,business,article-mar-4407,Nigeria to boost cocoa production,1
320,technology,article-mar-3144,Nintendo DS aims to touch gamers,0
321,business,article-mar-0182,Novartis hits acquisition trail,1
322,business,article-mar-2488,Profits stall at China's Lenovo,1
323,business,article-mar-4584,Putin backs state grab for Yukos,1
324,business,article-mar-4102,Quiksilver moves for Rossignol,1
325,sport,article-mar-3792,Redknapp poised for Saints,2
326,sport,article-mar-0131,Robertson out to retain Euro lure,2
327,technology,article-mar-4398,Seamen sail into biometric future,0
328,business,article-mar-0463,Singapore growth at 8.1% in 2004,1
329,sport,article-mar-0029,Slovakia reach Hopman Cup final,2
330,sport,article-mar-4749,Sociedad set to rescue Mladenovic,2
331,technology,article-mar-3392,Sony wares win innovation award,0
332,business,article-mar-0952,Soros group warns of Kazakh close,1
333,technology,article-mar-1203,Sport-loving inventors whose tech could change the game,0
334,sport,article-mar-2048,Sprinter Walker quits athletics,2
335,business,article-mar-3318,Stock market eyes Japan recovery,1
336,business,article-mar-2788,Swiss cement firm in buying spree,1
337,technology,article-mar-4562,Text message record smashed,0
338,technology,article-mar-0620,The pirates with no profit motive,0
339,business,article-mar-4001,Tsunami to cost Sri Lanka $1.3bn,1
340,sport,article-mar-1599,UK Athletics agrees new kit deal,2
341,technology,article-mar-2785,US cyber security chief resigns,0
342,technology,article-mar-1454,US hacker breaks into T-Mobile,0
343,business,article-mar-1913,US industrial output growth eases,1
344,business,article-mar-4140,"US insurer Marsh cuts 2,500 jobs",1
345,business,article-mar-4357,US manufacturing expands,1
346,business,article-mar-4898,US to rule on Yukos refuge call,1
347,sport,article-mar-0550,Van Nistelrooy set to return,2
348,sport,article-mar-2508,Vickery upbeat about arm injury,2
349,technology,article-mar-2039,Video phones act as dating tools,0
350,business,article-mar-4111,Virgin Blue shares plummet 20%,1
351,sport,article-mar-4582,Wada will appeal against ruling,2
352,sport,article-mar-3651,Wales critical of clumsy Grewcock,2
353,sport,article-mar-3663,Wales silent on Grand Slam talk,2
354,sport,article-mar-4500,Wenger rules out new keeper,2
355,sport,article-mar-1916,Wenger signs new deal,2
356,business,article-apr-1897,Axa Sun Life cuts bonus payments,1
357,technology,article-apr-2967,BT boosts its broadband packages,0
358,sport,article-apr-2939,Bates seals takeover,2
359,technology,article-apr-0145,Beckham virus spotted on the net,0
360,technology,article-apr-1938,Broadband fuels online expression,0
361,technology,article-apr-1748,Broadband in the UK gathers pace,0
362,business,article-apr-2559,Burren awarded Egyptian contracts,1
363,business,article-apr-1306,Business fears over sluggish EU economy,1
364,sport,article-apr-2454,Candela completes Bolton switch,2
365,business,article-apr-0039,Cannabis hopes for drug firm,1
366,sport,article-apr-1044,Castaignede fires Laporte warning,2
367,technology,article-apr-2151,Casual gaming to 'take off',0
368,sport,article-apr-2808,Chelsea sack Mutu,2
369,business,article-apr-4324,China Aviation seeks rescue deal,1
370,sport,article-apr-2873,Classy Henman makes winning start,2
371,sport,article-apr-4741,Collins banned in landmark case,2
372,technology,article-apr-0433,Concerns over Windows ATMs,0
373,sport,article-apr-4890,Connors boost for British tennis,2
374,business,article-apr-4575,Crossrail link 'to get go-ahead',1
375,technology,article-apr-0228,Cyber crime booms in 2004,0
376,technology,article-apr-4827,Disney backs Sony DVD technology,0
377,business,article-apr-1926,Dollar slides ahead of New Year,1
378,business,article-apr-1571,Economy 'stronger than forecast',1
379,business,article-apr-1904,Electrolux to export Europe jobs,1
380,business,article-apr-3933,Ethiopia's crop production up 24%,1
381,sport,article-apr-4960,FA charges Liverpool and Millwall,2
382,sport,article-apr-4241,FA probes crowd trouble,2
383,technology,article-apr-4901,Format wars could 'confuse users',0
384,business,article-apr-0724,GM in crunch talks on Fiat future,1
385,technology,article-apr-4907,Game makers get Xbox 2 sneak peek,0
386,technology,article-apr-3088,Gamers could drive high-definition,0
387,technology,article-apr-0395,Google launches TV search service,0
388,sport,article-apr-4460,Harinordoquy suffers France axe,2
389,sport,article-apr-0524,Hearts of Oak 3-2 Cotonsport,2
390,sport,article-apr-3536,Hodges announces rugby retirement,2
391,sport,article-apr-4694,Holmes feted with further honour,2
392,technology,article-apr-3827,Honour for UK games maker,0
393,sport,article-apr-2270,Houllier praises Benitez regime,2
394,technology,article-apr-0205,Humanoid robot learns how to run,0
395,sport,article-apr-1858,Ireland v USA (Sat),2
396,sport,article-apr-3390,Isinbayeva heads for Birmingham,2
397,sport,article-apr-3841,Israeli club look to Africa,2
398,technology,article-apr-4467,Junk e-mails on relentless rise,0
399,sport,article-apr-3842,Kluft impressed by Sotherton form,2
400,business,article-apr-3718,Latin America sees strong growth,1
401,business,article-apr-0784,Libya takes $1bn in unfrozen funds,1
402,technology,article-apr-2677,Loyalty cards idea for TV addicts,0
403,sport,article-apr-3475,Man City 1-1 Newcastle,2
404,sport,article-apr-2558,McCall earns Tannadice reprieve,2
405,sport,article-apr-2706,McClaren eyes Uefa Cup top spot,2
406,sport,article-apr-4921,McClaren hails Boro's Uefa spirit,2
407,sport,article-apr-0240,McIlroy aiming for Madrid title,2
408,technology,article-apr-2106,Microsoft makes anti-piracy move,0
409,technology,article-apr-0622,Microsoft seeking spyware trojan,0
410,business,article-apr-4699,Mild winter drives US oil down 6%,1
411,technology,article-apr-4622,Millions to miss out on the net,0
412,sport,article-apr-2061,Minister digs in over doping row,2
413,sport,article-apr-0646,Mirza makes Indian tennis history,2
414,business,article-apr-4064,Mitsubishi in Peugeot link talks,1
415,technology,article-apr-4854,Mobile multimedia slow to catch on,0
416,technology,article-apr-4446,Mobiles 'not media players yet',0
417,sport,article-apr-0150,Morientes admits to Reds struggle,2
418,sport,article-apr-3146,Mourinho plots impressive course,2
419,sport,article-apr-1270,Mourinho says race is almost over,2
420,sport,article-apr-2879,Moya sidesteps Davis Cup in 2005,2
421,sport,article-apr-1276,Nadal marches on in Mexico,2
422,technology,article-apr-0061,Nintendo adds media playing to DS,0
423,sport,article-apr-1620,O'Connell rejects Lions rumours,2
424,sport,article-apr-2704,O'Driscoll concern at Fifa ruling,2
425,business,article-apr-4823,Oil prices fall back from highs,1
426,business,article-apr-0564,Ore costs hit global steel firms,1
427,sport,article-apr-0338,Parry relishes Anfield challenge,2
428,business,article-apr-4399,Peugeot deal boosts Mitsubishi,1
429,technology,article-apr-4686,PlayStation 3 chip to be unveiled,0
430,technology,article-apr-2813,Portable PlayStation ready to go,0
431,sport,article-apr-0953,Premier League planning Cole date,2
432,business,article-apr-2019,Qantas sees profits fly to record,1
433,sport,article-apr-0042,Radcliffe yet to answer GB call,2
434,sport,article-apr-4569,Redknapp's Saints face Pompey tie,2
435,sport,article-apr-2560,Reds sink 10-man Magpies,2
436,business,article-apr-1918,Reliance unit loses Anil Ambani,1
437,technology,article-apr-0857,Rich pickings for hi-tech thieves,0
438,sport,article-apr-0028,Robinson out of Six Nations,2
439,sport,article-apr-1068,Rovers reject third Ferguson bid,2
440,sport,article-apr-4171,Saint-Andre anger at absent stars,2
441,business,article-apr-4618,Salary scandal in Cameroon,1
442,technology,article-apr-1300,Slimmer PlayStation triple sales,0
443,sport,article-apr-1815,Slovakia seal Hopman Cup success,2
444,technology,article-apr-3833,Smart search lets art fans browse,0
445,sport,article-apr-1205,Smith keen on Home series return,2
446,sport,article-apr-3471,South Africa sweep top awards,2
447,technology,article-apr-4435,Speak easy plan for media players,0
448,technology,article-apr-0484,Speech takes on search engines,0
449,business,article-apr-1009,Tokyo says deflation 'controlled',1
450,business,article-apr-0361,Turkey turns on the economic charm,1
451,business,article-apr-4474,Turkey-Iran mobile deal 'at risk',1
452,business,article-apr-3423,UK 'risks breaking golden rule',1
453,business,article-apr-3100,UK firm faces Venezuelan land row,1
454,technology,article-apr-0865,UK pioneers digital film network,0
455,business,article-apr-0134,US bank in $515m SEC settlement,1
456,business,article-apr-2219,US crude prices surge above $53,1
457,sport,article-apr-0182,Umaga ready for Lions,2
458,business,article-apr-4228,Umbro profits lifted by Euro 2004,1
459,technology,article-apr-3753,Virgin Radio offers 3G broadcast,0
460,technology,article-apr-2040,Virus poses as Christmas e-mail,0
461,technology,article-apr-4036,Voters flock to blog awards site,0
462,sport,article-apr-4395,Wales want rugby league training,2
463,sport,article-apr-4277,Wales win in Rome,2
464,technology,article-apr-1102,Warning over tsunami aid website,0
465,sport,article-apr-3992,Wolves appoint Hoddle as manager,2
466,sport,article-apr-3250,Wood - Ireland can win Grand Slam,2
467,business,article-apr-4031,World leaders gather to face uncertainty,1
468,sport,article-apr-0896,Worthington praises classy Villa,2
469,sport,article-apr-3567,Yachvili savours France comeback,2
470,business,article-apr-3586,Yukos heading back to US courts,1
471,business,article-apr-4951,Yukos seeks court action on sale,1
472,business,article-apr-0345,Yukos unit fetches $9bn at auction,1
473,business,article-may-0284,Air China in $1bn London listing,1
474,sport,article-may-3980,Angry Williams rejects criticism,2
475,business,article-may-2027,Apple Inc. Phone Pricing Likely To Trend Lower,1
476,business,article-may-2024,Argentina closes $102.6bn debt swap,1
477,business,article-may-2738,AstraZeneca hit by drug failure,1
478,sport,article-may-4424,Balco case trial date pushed back,2
479,business,article-may-2659,Battered dollar hits another low,1
480,sport,article-may-4512,Beckham hints at Man Utd return,2
481,sport,article-may-0131,Benitez joy as Reds take control,2
482,technology,article-may-2874,Blind student 'hears in colour',0
483,technology,article-may-2905,Blogger grounded by her airline,0
484,business,article-may-1663,Brazil jobless rate hits new low,1
485,technology,article-may-1702,Broadband set to revolutionise TV,0
486,technology,article-may-4777,Bush website blocked outside US,0
487,business,article-may-2166,Business confidence dips in Japan,1
488,business,article-may-1662,Businesses fail to plan for HIV,1
489,sport,article-may-1837,Campese berates whingeing England,2
490,sport,article-may-1887,Cech sets clean-sheet benchmark,2
491,technology,article-may-3273,China 'blocks Google news site',0
492,business,article-may-2294,China continues rapid growth,1
493,business,article-may-3257,Circuit City gets takeover offer,1
494,sport,article-may-2723,Claxton hunting first major medal,2
495,technology,article-may-1549,Consumer concern over RFID tags,0
496,business,article-may-0149,Continental 'may run out of cash',1
497,business,article-may-2122,Deadline nears for Fiat-GM deal,1
498,business,article-may-4336,Deutsche Boerse set to 'woo' LSE,1
499,technology,article-may-0706,Domain system scam fear,0
500,technology,article-may-0573,Doors open at biggest gadget fair,0
501,sport,article-may-2915,Dunne keen to commit to Man City,2
502,business,article-may-1785,EMI shares hit by profit warning,1
503,business,article-may-1306,EU to probe Alitalia 'state aid',1
504,sport,article-may-2222,England 'to launch ref protest',2
505,sport,article-may-1674,Faye plans to stay at Portsmouth,2
506,business,article-may-3633,Featured: 'Strong dollar' call halts slide,1
507,sport,article-may-3723,Ferguson hails Man Utd's resolve,2
508,sport,article-may-2499,Fuming Robinson blasts officials,2
509,business,article-may-2400,Further rise in UK jobless total,1
510,technology,article-may-2476,Gadget growth fuels eco concerns,0
511,technology,article-may-2112,Gadget show heralds MP3 season,0
512,technology,article-may-2581,Games win for Blu-ray DVD format,0
513,business,article-may-2727,German business confidence slides,1
514,sport,article-may-0713,Gerrard future not decided by Cardiff loss,2
515,technology,article-may-4324,Halo 2 sells five million copies,0
516,sport,article-may-4280,Henin-Hardenne beaten on comeback,2
517,sport,article-may-0143,Hewitt falls to Dent in Adelaide,2
518,technology,article-may-2440,How to smash a home computer,0
519,sport,article-may-1036,Ireland call up uncapped Campbell,2
520,business,article-may-0966,Israel looks to US for bank chief,1
521,sport,article-may-4655,Keane defiant over Vieira bust-up,2
522,sport,article-may-2796,Kenya lift Chepkemei's suspension,2
523,business,article-may-0305,Kraft cuts snack ads for children,1
524,business,article-may-2491,Lesotho textile workers lose jobs,1
525,sport,article-may-2781,Lomu relishing return to action,2
526,business,article-may-1795,Lufthansa may sue over Bush visit,1
527,business,article-may-0332,MCI shares climb on takeover bid,1
528,business,article-may-4014,MG Rover China tie-up 'delayed',1
529,business,article-may-4886,Making your office work for you,1
530,sport,article-may-4104,McIlroy continues winning streak,2
531,technology,article-may-1112,Mobile TV tipped as one to watch,0
532,business,article-may-0180,Monsanto fined $1.5m for bribery,1
533,technology,article-may-1740,Moving mobile improves golf swing,0
534,sport,article-may-4133,Nadal puts Spain 2-0 up,2
535,business,article-may-0916,Nasdaq planning $100m-share sale,1
536,technology,article-may-3761,New Year's texting breaks record,0
537,technology,article-may-4517,New consoles promise big problems,0
538,technology,article-may-1326,Nintendo DS makes its Euro debut,0
539,sport,article-may-0373,O'Connor aims to grab opportunity,2
540,sport,article-may-4484,O'Leary agrees new Villa contract,2
541,sport,article-may-4229,O'Sullivan keeps his powder dry,2
542,technology,article-may-4474,Online commons to spark debate,0
543,technology,article-may-1687,Online games play with politics,0
544,business,article-may-1905,Parmalat founder offers apology,1
545,business,article-may-2611,Parmalat to return to stockmarket,1
546,technology,article-may-4895,Peer-to-peer nets 'here to stay',0
547,business,article-may-0016,Pernod takeover talk lifts Domecq,1
548,business,article-may-1238,Profits jump at China's top bank,1
549,sport,article-may-1947,Prop Jones ready for hard graft,2
550,business,article-may-2512,Qatar and Shell in $6bn gas deal,1
551,business,article-may-1598,Quake's economic costs emerging,1
552,sport,article-may-4585,Real in talks over Gravesen move,2
553,business,article-may-4874,Rescue hope for Borussia Dortmund,1
554,sport,article-may-0488,Robben and Cole earn Chelsea win,2
555,technology,article-may-0292,Robotic pods take on car design,0
556,sport,article-may-3235,Roddick in talks over new coach,2
557,business,article-may-1464,SEC to rethink post-Enron rules,1
558,technology,article-may-2443,Santy worm makes unwelcome visit,0
559,technology,article-may-2260,Seamen sail into biometric future,0
560,sport,article-may-3908,Serena becomes world number two,2
561,sport,article-may-2514,Smith aims to bring back respect,2
562,business,article-may-0985,Soaring oil 'hits world economy',1
563,technology,article-may-3855,Software watching while you work,0
564,technology,article-may-0057,Sony PSP console hits US in March,0
565,sport,article-may-0549,TV calls after Carroll error,2
566,technology,article-may-0738,TV's future down the phone line,0
567,business,article-may-1288,The 'ticking budget' facing the US,1
568,business,article-may-2467,Train strike grips Buenos Aires,1
569,technology,article-may-2263,UK broadband gets speed injection,0
570,business,article-may-0648,US adds more jobs than expected,1
571,business,article-may-3222,US economy shows solid GDP growth,1
572,business,article-may-1355,US economy still growing says Fed,1
573,business,article-may-3184,US in EU tariff chaos trade row,1
574,business,article-may-2365,US retail sales surge in December,1
575,business,article-may-0720,US trade gap hits record in 2004,1
576,business,article-may-3287,Ukraine revisits state sell-offs,1
577,sport,article-may-2299,Underdogs have more fun,2
578,business,article-may-0748,VW considers opening Indian plant,1
579,business,article-may-4097,Wal-Mart to pay $14m in gun suit,1
580,sport,article-may-2131,Wasps 31-37 Leicester,2
581,technology,article-may-3461,What high-definition will do to DVDs,0
582,technology,article-may-4326,Why Cell will get the hard sell,0
583,sport,article-may-2814,Wilkinson fit to face Edinburgh,2
584,sport,article-may-2271,Wilkinson return 'unlikely',2
585,technology,article-may-3619,Yahoo celebrates a decade online,0
586,technology,article-may-0996,Yahoo moves into desktop search,0
587,technology,article-jun-1972,2D Metal Slug offers retro fun,0
588,technology,article-jun-1987,Anti-spam laws bite spammer hard,0
589,technology,article-jun-0716,Apple laptop is 'greatest gadget',0
590,technology,article-jun-2935,Apple makes blogs reveal sources,0
591,technology,article-jun-4840,Apple unveils low-cost 'Mac mini',0
592,business,article-jun-4479,Arsenal 'may seek full share listing',1
593,business,article-jun-1568,BA to suspend two Saudi services,1
594,business,article-jun-1579,BMW drives record sales in Asia,1
595,business,article-jun-3219,BT offers equal access to rivals,1
596,sport,article-jun-1778,Barwick calls for Highbury calm,2
597,sport,article-jun-1644,Barwick installed as new FA boss,2
598,technology,article-jun-2609,Be careful how you code,0
599,business,article-jun-1346,Beer giant swallows Russian firm,1
600,technology,article-jun-3633,Blinx sequel purrs nicely,0
601,business,article-jun-3298,Bombardier chief to leave company,1
602,technology,article-jun-3624,Bond game fails to shake or stir,0
603,business,article-jun-0532,Britannia members' £42m windfall,1
604,technology,article-jun-2071,California sets fines for spyware,0
605,business,article-jun-1491,Call to save manufacturing jobs,1
606,sport,article-jun-1294,Can Smith work Scottish wonders?,2
607,technology,article-jun-1801,Cebit fever takes over Hanover,0
608,sport,article-jun-4596,Chelsea clinch cup in extra-time,2
609,technology,article-jun-4483,China 'to overtake US net use',0
610,business,article-jun-0384,China bans new tobacco factories,1
611,sport,article-jun-3025,Davenport dismantles young rival,2
612,business,article-jun-3207,Disaster claims 'less than $10bn',1
613,business,article-jun-3422,Dollar drops on reserves concerns,1
614,business,article-jun-3285,EU 'too slow' on economic reforms,1
615,sport,article-jun-1131,English clubs make Euro history,2
616,business,article-jun-4266,Ex-Boeing director gets jail term,1
617,sport,article-jun-4362,FA decides not to punish Mourinho,2
618,technology,article-jun-0537,Fast lifts rise into record books,0
619,technology,article-jun-1448,Featured: 'Blog' picked as word of the year,0
620,technology,article-jun-4007,Featured: 'Brainwave' cap controls computer,0
621,technology,article-jun-3887,Featured: 'Podcasters' look to net money,0
622,business,article-jun-3406,Fresh hope after Argentine crisis,1
623,technology,article-jun-2920,Gadget market 'to grow in 2005',0
624,technology,article-jun-2699,Gates opens biggest gadget fair,0
625,sport,article-jun-0332,Gebrselassie in London triple bid,2
626,sport,article-jun-4500,Gerrard plays down European hopes,2
627,business,article-jun-1482,Giant waves damage S Asia economy,1
628,business,article-jun-0787,Giving financial gifts to children,1
629,business,article-jun-2022,Golden rule boost for Chancellor,1
630,sport,article-jun-3687,Henman hopes ended in Dubai,2
631,technology,article-jun-3700,Hitachi unveils 'fastest robot',0
632,technology,article-jun-3528,Hotspot users gain free net calls,0
633,business,article-jun-2557,"How Manchester United, Knicks Wins Correlate With Stock Gains",1
634,business,article-jun-2381,Hyundai to build new India plant,1
635,business,article-jun-1633,Industrial revival hope for Japan,1
636,business,article-jun-4342,Insurance bosses plead guilty,1
637,business,article-jun-4535,Iraq and Afghanistan in WTO talks,1
638,sport,article-jun-1155,Ireland surge past Scots,2
639,sport,article-jun-0553,Italy 17-28 Ireland,2
640,business,article-jun-1387,JP Morgan admits US slavery links,1
641,sport,article-jun-2401,Keegan hails comeback king Fowler,2
642,technology,article-jun-4329,Kenyan school turns to handhelds,0
643,technology,article-jun-1532,Long life promised for laptop PCs,0
644,business,article-jun-1434,M&S cuts prices by average of 24%,1
645,business,article-jun-2521,MCI shareholder sues to stop bid,1
646,business,article-jun-2097,Market unfazed by Aurora setback,1
647,technology,article-jun-2226,Microsoft takes on desktop search,0
648,business,article-jun-4453,Millions 'to lose textile jobs',1
649,technology,article-jun-4509,Mobile networks seek turbo boost,0
650,technology,article-jun-2467,Mobiles 'not media players yet',0
651,technology,article-jun-1038,Mobiles double up as bus tickets,0
652,technology,article-jun-2420,Mobiles rack up 20 years of use,0
653,sport,article-jun-4994,Mourinho takes swipe at Arsenal,2
654,sport,article-jun-3434,Mourinho to escape FA charge,2
655,technology,article-jun-4410,Net regulation 'still possible',0
656,technology,article-jun-0925,New delay hits EU software laws,0
657,business,article-jun-1788,Newest EU members underpin growth,1
658,sport,article-jun-0749,No lack of Christmas spirit,2
659,sport,article-jun-4657,O'Driscoll/Gregan lead Aid stars,2
660,business,article-jun-2787,Optimism remains over UK housing,1
661,business,article-jun-2319,Orange colour clash set for court,1
662,sport,article-jun-1141,Owen delighted with Real display,2
663,technology,article-jun-4805,Pandas benefit from wireless net,0
664,technology,article-jun-0101,Parents face video game lessons,0
665,sport,article-jun-4636,Petit career ended by knee injury,2
666,sport,article-jun-1885,Plymouth 3-0 Sheff Utd,2
667,sport,article-jun-1112,Preview: Ireland v England (Sun),2
668,sport,article-jun-4470,Prinz beats Hamm to Fifa trophy,2
669,business,article-jun-3966,Profits slide at India's Dr Reddy,1
670,sport,article-jun-1668,Prutton poised for lengthy FA ban,2
671,technology,article-jun-1940,Rivals of the £400 Apple...,0
672,sport,article-jun-0693,Robinson answers critics,2
673,sport,article-jun-0583,Rochus shocks Coria in Auckland,2
674,business,article-jun-4042,"Rover deal 'may cost 2,000 jobs'",1
675,sport,article-jun-1150,Running around the Olympics,2
676,business,article-jun-0829,SA unveils 'more for all' budget,1
677,business,article-jun-4361,SBC plans post-takeover job cuts,1
678,business,article-jun-2660,Safety alert as GM recalls cars,1
679,business,article-jun-3293,Saudi ministry to employ women,1
680,technology,article-jun-4523,Savvy searchers fail to spot ads,0
681,business,article-jun-2536,Shares hit by MS drug suspension,1
682,business,article-jun-0684,Slowdown hits US factory growth,1
683,technology,article-jun-3126,Spam e-mails tempt net shoppers,0
684,technology,article-jun-1396,Text messages aid disaster recovery,0
685,sport,article-jun-3380,The wonder of Ronaldinho,2
686,technology,article-jun-3599,The year search became personal,0
687,sport,article-jun-0780,Tomlinson stays focused on Europe,2
688,business,article-jun-0505,US bank boss hails 'genius' Smith,1
689,business,article-jun-2320,US consumer confidence up,1
690,business,article-jun-3360,US trade deficit widens sharply,1
691,sport,article-jun-1094,Uefa threat over foreign quotas,2
692,business,article-jun-2505,Ukraine steel sell-off 'illegal',1
693,business,article-jun-2405,Ukraine trims privatisation check,1
694,sport,article-jun-4106,Venus stunned by Farina Elia,2
695,sport,article-jun-0039,Video technology will not make football a mistake-free sport,2
696,technology,article-jun-2519,Warning over Windows Word files,0
697,business,article-jun-1446,Weak dollar trims Cadbury profits,1
698,technology,article-jun-1293,Web helps collect aid donations,0
699,sport,article-jun-4259,Wenger handed summer war chest,2
700,technology,article-jun-4520,When technology gets personal,0
701,technology,article-jul-1745,A decade of good website design,0
702,sport,article-jul-0465,Agassi fear for Melbourne,2
703,business,article-jul-4512,Ailing EuroDisney vows turnaround,1
704,sport,article-jul-2758,Ajax refuse to rule out Jol move,2
705,sport,article-jul-4068,Anelka apologises for criticism,2
706,technology,article-jul-1257,Apple attacked over sources row,0
707,technology,article-jul-2965,Apple iPod family expands market,0
708,technology,article-jul-2977,Argonaut founder rebuilds empire,0
709,sport,article-jul-0794,Arsenal 1-1 Sheff Utd,2
710,business,article-jul-0495,Asia shares defy post-quake gloom,1
711,business,article-jul-2215,Aviation firms eye booming India,1
712,technology,article-jul-4187,BT program to beat dialler scams,0
713,business,article-jul-3607,Bat spit drug firm goes to market,1
714,sport,article-jul-3406,Bees handed potential Man Utd tie,2
715,sport,article-jul-4480,Blackburn v Burnley,2
716,business,article-jul-4575,Boeing unveils new 777 aircraft,1
717,sport,article-jul-2829,Breaking news: US company admits Benin bribery,2
718,technology,article-jul-4356,Broadband in the UK growing fast,0
719,sport,article-jul-3487,Bryan twins keep US hopes alive,2
720,business,article-jul-3941,Building giant in asbestos payout,1
721,technology,article-jul-4527,California sets fines for spyware,0
722,business,article-jul-3516,Call to overhaul UK state pension,1
723,sport,article-jul-0165,Campbell to be Lions consultant,2
724,sport,article-jul-2340,Cantona issues Man Utd job hint,2
725,business,article-jul-4614,Chinese exports rise 25% in 2004,1
726,sport,article-jul-2009,Clijsters could play Aussie Open,2
727,sport,article-jul-2742,Corry backs skipper Robinson,2
728,technology,article-jul-3010,DVD copy protection strengthened,0
729,sport,article-jul-4101,Dallaglio his own man to the end,2
730,sport,article-jul-2708,Dawson wins England squad recall,2
731,sport,article-jul-4268,Dementieva prevails in Hong Kong,2
732,technology,article-jul-4019,Disney backs Sony DVD technology,0
733,sport,article-jul-1748,Dominici backs lacklustre France,2
734,technology,article-jul-1249,Dublin hi-tech labs to shut down,0
735,business,article-jul-4170,Ebbers denies WorldCom fraud,1
736,sport,article-jul-2162,England coach faces rap after row,2
737,business,article-jul-0339,European losses hit GM's profits,1
738,sport,article-jul-2286,Fifa agrees goal-line technology,2
739,technology,article-jul-2988,Freeze on anti-spam campaign,0
740,business,article-jul-4021,French boss to leave EADS,1
741,business,article-jul-4373,German economy rebounds,1
742,business,article-jul-4895,Glazer makes new Man Utd approach,1
743,technology,article-jul-4326,Google to scan famous libraries,0
744,sport,article-jul-0662,Greek sprinters 'won't run again',2
745,sport,article-jul-2558,Greek sprinters suspended by IAAF,2
746,sport,article-jul-3455,Gunners clock up winning record,2
747,technology,article-jul-4969,Halo 2 heralds traffic explosion,0
748,sport,article-jul-3422,Henson stakes early Lions claim,2
749,sport,article-jul-1711,Hewitt fights back to reach final,2
750,sport,article-jul-2063,Holmes is hit by hamstring injury,2
751,technology,article-jul-2960,IBM frees 500 software patents,0
752,business,article-jul-4915,India's Reliance family feud heats up,1
753,business,article-jul-4812,India's rupee hits five-year high,1
754,technology,article-jul-3520,Ink helps drive democracy in Asia,0
755,sport,article-jul-0643,Irish finish with home game,2
756,business,article-jul-3273,J&J agrees $25bn Guidant deal,1
757,sport,article-jul-3870,Johansson takes Adelaide victory,2
758,sport,article-jul-0803,Jones doping probe begins,2
759,sport,article-jul-4157,Kenteris denies faking road crash,2
760,business,article-jul-0297,Khodorkovsky quits Yukos shares,1
761,technology,article-jul-4908,Latest Opera browser gets vocal,0
762,sport,article-jul-1013,Legendary Dutch boss Michels dies,2
763,sport,article-jul-4496,Lions blow to World Cup stars,2
764,sport,article-jul-3168,Liverpool revel in night of glory,2
765,business,article-jul-4242,Man Utd to open books to Glazer,1
766,sport,article-jul-2527,Man Utd urged to seal Giggs deal,2
767,sport,article-jul-1760,Melzer shocks Agassi in San Jose,2
768,technology,article-jul-4400,Microsoft debuts security tools,0
769,technology,article-jul-4827,Millions buy MP3 players in US,0
770,technology,article-jul-4341,Mobile multimedia slow to catch on,0
771,technology,article-jul-3525,Mobiles get set for visual radio,0
772,technology,article-jul-2544,Mobiles rack up 20 years of use,0
773,sport,article-jul-0637,Molby says Gravesen is Real deal,2
774,technology,article-jul-4798,More power to the people says HP,0
775,technology,article-jul-2909,Musicians 'upbeat' about the net,0
776,business,article-jul-2815,News Corp eyes video games market,1
777,technology,article-jul-4628,No half measures with Half-Life 2,0
778,sport,article-jul-1361,Parmar ruled out of Davis Cup tie,2
779,sport,article-jul-0597,Philippoussis doubt over Open bid,2
780,technology,article-jul-2241,Pompeii gets digital make-over,0
781,business,article-jul-1728,Q&A: Malcolm Glazer and Man Utd,1
782,sport,article-jul-1219,Radcliffe eyes hard line on drugs,2
783,sport,article-jul-4829,Real will finish abandoned match,2
784,sport,article-jul-1320,Ref stands by Scotland decisions,2
785,sport,article-jul-2463,Robinson wants dual code success,2
786,sport,article-jul-3438,Roche 'turns down Federer offer',2
787,sport,article-jul-4719,Roddick splits from coach Gilbert,2
788,sport,article-jul-3289,Ronaldinho denies Blues interest,2
789,business,article-jul-2439,S Korea spending boost to economy,1
790,business,article-jul-3943,S Korean consumers spending again,1
791,business,article-jul-3331,Saudi investor picks up the Savoy,1
792,sport,article-jul-3957,Sella wants Michalak recall,2
793,business,article-jul-0733,Share boost for feud-hit Reliance,1
794,business,article-jul-0168,Shares rise on new Man Utd offer,1
795,technology,article-jul-2667,Sony PSP tipped as a 'must-have',0
796,sport,article-jul-4244,Souness eyes summer move for Owen,2
797,technology,article-jul-0334,Souped-up wi-fi is on the horizon,0
798,business,article-jul-0645,South African car demand surges,1
799,sport,article-jul-3380,Stam spices up Man Utd encounter,2
800,sport,article-jul-0019,Tapping-up row is so much hot air,2
801,technology,article-jul-4790,Technology gets the creative bug,0
802,technology,article-jul-4384,Technology in rugby: GPS systems continue to grow in importance,0
803,sport,article-jul-3522,Tindall aiming to earn Lions spot,2
804,sport,article-jul-1717,Tindall wants second opinion,2
805,business,article-jul-1112,Tsunami 'to hit Sri Lanka banks',1
806,business,article-jul-0202,UK economy facing 'major risks',1
807,business,article-jul-1885,US Ahold suppliers face charges,1
808,business,article-jul-3830,US data sparks inflation worries,1
809,business,article-jul-0931,US interest rate rise expected,1
810,technology,article-jul-1059,US peer-to-peer pirates convicted,0
811,sport,article-jul-3879,"Umaga ready for ""fearsome"" Lions",2
812,technology,article-jul-4233,Virus poses as Christmas e-mail,0
813,business,article-jul-0417,Wal-Mart fights back at accusers,1
814,sport,article-jul-3332,Wales coach elated with win,2
815,business,article-jul-0589,Warning over US pensions deficit,1
816,technology,article-jul-4193,Web photo storage market hots up,0
817,technology,article-jul-0503,Web radio takes Spanish rap global,0
818,sport,article-jul-1350,Wenger keeping faith with Almunia,2
819,sport,article-jul-1729,Wenger steps up row,2
820,sport,article-jul-4500,What now for British tennis?,2
821,sport,article-jul-3874,White admits to Balco drugs link,2
822,technology,article-jul-2168,World tour for top video gamers,0
823,business,article-aug-3515,$1m payoff for former Shell boss,1
824,technology,article-aug-1123,Anti-tremor mouse stops PC shakes,0
825,technology,article-aug-4475,Apple unveils low-cost 'Mac mini',0
826,business,article-aug-3384,"Argentina, Venezuela in oil deal",1
827,sport,article-aug-4019,Argentine great Caniggia retires,2
828,business,article-aug-0806,Banker loses sexism claim,1
829,business,article-aug-4964,Beijingers fume over parking fees,1
830,sport,article-aug-4265,Bell set for England debut,2
831,sport,article-aug-3926,Benitez issues warning to Gerrard,2
832,sport,article-aug-4614,Blackburn 0-1 Chelsea,2
833,business,article-aug-2567,Brazil plays down Varig rescue,1
834,technology,article-aug-4701,Britons fed up with net service,0
835,technology,article-aug-0893,Broadband takes on TV viewing,0
836,business,article-aug-4668,Brussels raps mobile call charges,1
837,sport,article-aug-1637,Butler strikes gold in Spain,2
838,sport,article-aug-0324,Chelsea denied by James heroics,2
839,business,article-aug-0908,China had role in Yukos split-up,1
840,sport,article-aug-1443,Clijsters hope on Aussie Open,2
841,sport,article-aug-3079,Costin aims for comeback in 2006,2
842,business,article-aug-0896,DaimlerChrysler's 2004 sales rise,1
843,sport,article-aug-4896,Dal Maso in to replace Bergamasco,2
844,sport,article-aug-3579,Davenport hits out at Wimbledon,2
845,sport,article-aug-4658,Dein concerned by Chelsea stance,2
846,business,article-aug-2737,Deutsche Boerse boosts dividend,1
847,business,article-aug-1784,EU ministers to mull jet fuel tax,1
848,business,article-aug-2063,Euronext joins bid battle for LSE,1
849,technology,article-aug-1532,Featured: 'No re-draft' for EU patent law,0
850,technology,article-aug-0644,Featured: 'Ultimate game' award for Doom 3,0
851,business,article-aug-3247,Fed chief warning on US deficit,1
852,sport,article-aug-2464,Ferguson rues failure to cut gap,2
853,business,article-aug-2142,GM pays $2bn to evade Fiat buyout,1
854,business,article-aug-1157,GSK aims to stop Aids profiteers,1
855,technology,article-aug-2119,GTA sequel is criminally good,0
856,technology,article-aug-3859,"Gamer buys $26,500 virtual land",0
857,technology,article-aug-1614,Google's toolbar sparks concern,0
858,sport,article-aug-3206,Greene sets sights on world title,2
859,sport,article-aug-3335,Henman to face Saulnier test,2
860,sport,article-aug-2889,Holmes back on form in Birmingham,2
861,business,article-aug-0763,Home loan approvals rising again,1
862,business,article-aug-0648,Huge rush for Jet Airways shares,1
863,technology,article-aug-1226,IBM puts cash behind Linux push,0
864,business,article-aug-2762,India unveils anti-poverty budget,1
865,sport,article-aug-0319,Injury doubts beset Wales squad,2
866,technology,article-aug-3240,"Intercom Are Doubling Their Product Teams In SF, Dublin & London",0
867,sport,article-aug-1817,Ireland 19-13 England,2
868,sport,article-aug-0781,Ireland win eclipses refereeing 'errors',2
869,business,article-aug-4887,Japan economy slides to recession,1
870,business,article-aug-4692,Japan's ageing workforce: built to last,1
871,business,article-aug-0685,Japanese growth grinds to a halt,1
872,business,article-aug-1101,Jobs go at Oracle after takeover,1
873,business,article-aug-1823,Jobs growth still slow in the US,1
874,sport,article-aug-3199,Johnson accuses British sprinters,2
875,business,article-aug-0176,LSE doubts boost bidders' shares,1
876,technology,article-aug-1452,Lasers help bridge network gaps,0
877,sport,article-aug-3112,Lewis-Francis turns to Christie,2
878,sport,article-aug-0373,Man City 0-2 Man Utd,2
879,sport,article-aug-4936,Man Utd women's team to be axed,2
880,business,article-aug-1558,Markets fall on weak dollar fears,1
881,business,article-aug-3754,Marsh executive in guilty plea,1
882,business,article-aug-2783,McDonald's boss Bell dies aged 44,1
883,sport,article-aug-4587,McIlroy wins 800m indoor title,2
884,business,article-aug-3962,Mexican in US send $16bn home,1
885,technology,article-aug-0665,Microsoft launches its own search,0
886,technology,article-aug-3312,Microsoft releases bumper patches,0
887,technology,article-aug-2549,Microsoft sets sights on spyware,0
888,business,article-aug-4009,Mixed Christmas for US retailers,1
889,business,article-aug-2180,Mixed reaction to Man Utd offer,1
890,sport,article-aug-3857,Murray to make Cup history,2
891,technology,article-aug-3877,Musical future for phones,0
892,technology,article-aug-3101,Net fingerprints combat attacks,0
893,technology,article-aug-3408,New browser wins over net surfers,0
894,business,article-aug-3126,News Corp eyes video games market,1
895,business,article-aug-2688,No seasonal lift for house market,1
896,sport,article-aug-2601,O'Sullivan quick to hail Italians,2
897,business,article-aug-1976,Online News poll indicates economic gloom,1
898,business,article-aug-4015,Parmalat boasts doubled profits,1
899,technology,article-aug-4910,PlayStation 3 processor unveiled,0
900,technology,article-aug-1990,Podcasts mark rise of DIY radio,0
901,business,article-aug-3360,Police detain Chinese milk bosses,1
902,sport,article-aug-3213,Poll explains free-kick decision,2
903,sport,article-aug-3564,Radcliffe proves doubters wrong,2
904,sport,article-aug-4998,Radcliffe will compete in London,2
905,sport,article-aug-0801,Roddick into San Jose final,2
906,sport,article-aug-4456,Ruddock backs Yapp's credentials,2
907,business,article-aug-4931,S&N extends Indian beer venture,1
908,sport,article-aug-4232,SA return to Mauritius,2
909,sport,article-aug-1046,Safin slumps to shock Dubai loss,2
910,business,article-aug-3940,Sales 'fail to boost High Street',1
911,sport,article-aug-4740,Santini resigns as Spurs manager,2
912,sport,article-aug-2812,Serena ends Sania Mirza's dream,2
913,technology,article-aug-0633,Set your television to wow,0
914,business,article-aug-3280,Small firms 'hit by rising costs',1
915,sport,article-aug-4746,Souness delight at Euro progress,2
916,sport,article-aug-4220,Stars shine for tsunami benefit,2
917,sport,article-aug-1720,Strachan turns down Pompey,2
918,business,article-aug-1390,Strong demand triggers oil rally,1
919,sport,article-aug-2437,Sydney to host north v south game,2
920,business,article-aug-1486,Telegraph newspapers axe 90 jobs,1
921,business,article-aug-2512,UK bank seals South Korean deal,1
922,business,article-aug-1933,UK homes hit £3.3 trillion total,1
923,business,article-aug-1337,US Airways staff agree to pay cut,1
924,business,article-aug-4172,US budget deficit to reach $368bn,1
925,business,article-aug-3301,US interest rates increased to 2%,1
926,technology,article-aug-2517,US woman sues over ink cartridges,0
927,sport,article-aug-4672,Uganda FA suspended,2
928,business,article-aug-0800,Ukraine strikes Turkmen gas deal,1
929,technology,article-aug-0840,Video phone help for deaf people,0
930,technology,article-aug-4831,Viewers to be able to shape TV,0
931,sport,article-aug-2563,WRU proposes season overhaul,2
932,business,article-aug-4625,Watchdog probes Vivendi bond sale,1
933,business,article-aug-1797,Weak data buffets French economy,1
934,sport,article-aug-2487,White prepared for battle,2
935,sport,article-aug-0053,Williams stays on despite dispute,2
936,business,article-aug-1767,Wipro beats forecasts once again,1
937,business,article-aug-3362,WorldCom bosses' $54m payout,1
938,sport,article-aug-1146,Young debut cut short by Ginepri,2
939,sport,article-sep-1375,Adriano's Chelsea link rejected,2
940,business,article-sep-3874,Alfa Romeos 'to get GM engines',1
941,business,article-sep-0096,Amex shares up on spin-off news,1
942,technology,article-sep-3814,Apple attacked over sources row,0
943,sport,article-sep-4619,Aragones angered by racism fine,2
944,business,article-sep-3639,Asian banks halt dollar's slide,1
945,technology,article-sep-4996,Attack prompts Bush site block,0
946,sport,article-sep-3370,Beckham relief as Real go through,2
947,sport,article-sep-0503,Beckham's chat reigns in Spain,2
948,sport,article-sep-4426,Blatter suggests offside change,2
949,sport,article-sep-1785,Bomb threat at Bernabeu stadium,2
950,sport,article-sep-3918,Bristol City 2-1 Milton Keynes,2
951,business,article-sep-0401,Cairn Energy in Indian gas find,1
952,sport,article-sep-2816,Campbell lifts lid on United feud,2
953,technology,article-sep-3016,Can Yahoo dominate next decade?,0
954,business,article-sep-2767,Cars pull down US retail figures,1
955,sport,article-sep-4852,Chelsea 3-0 Portsmouth,2
956,sport,article-sep-1803,Chepkemei hit by big ban,2
957,business,article-sep-0386,Chinese dam firm 'defies Beijing',1
958,technology,article-sep-3587,Concern over RFID tags,0
959,sport,article-sep-1349,Davenport puts retirement on hold,2
960,business,article-sep-3570,Dollar hits new low versus euro,1
961,technology,article-sep-4970,Domain system opens door to scams,0
962,business,article-sep-0920,"Dutch bank to lay off 2,850 staff",1
963,sport,article-sep-4665,Edgy Agassi struggles past Dent,2
964,sport,article-sep-3053,Edwards tips Idowu for Euro gold,2
965,business,article-sep-4093,Electronics firms eye plasma deal,1
966,sport,article-sep-1145,England claim Dubai Sevens glory,2
967,sport,article-sep-3077,England's defensive crisis grows,2
968,business,article-sep-2562,Ericsson sees earnings improve,1
969,business,article-sep-4352,FAO warns on impact of subsidies,1
970,sport,article-sep-2859,Faultless Federer has no equal,2
971,sport,article-sep-3900,Fear will help France - Laporte,2
972,technology,article-sep-3760,Featured: 'No re-draft' for EU patent law,0
973,sport,article-sep-2440,Ferguson urges Henry punishment,2
974,sport,article-sep-2872,Ferrero eyes return to top form,2
975,business,article-sep-4414,Fiat chief takes steering wheel,1
976,technology,article-sep-4877,Football Manager scores big time,0
977,technology,article-sep-3592,Freeze on anti-spam campaign,0
978,business,article-sep-0022,French suitor holds LSE meeting,1
979,sport,article-sep-0232,Funding cut hits Wales Students,2
980,technology,article-sep-1748,Gadget show heralds MP3 Christmas,0
981,technology,article-sep-4345,Games firms 'face tough future',0
982,business,article-sep-1443,Georgia plans hidden asset pardon,1
983,business,article-sep-4275,German jobless rate at new record,1
984,sport,article-sep-0555,Gerrard happy at Anfield,2
985,business,article-sep-4613,Go-ahead for Balkan oil pipeline,1
986,business,article-sep-2949,Golden rule 'intact' says ex-aide,1
987,sport,article-sep-3287,Henman overcomes rival Rusedski,2
988,sport,article-sep-4860,Henry tipped for Fifa award,2
989,sport,article-sep-3046,Highbury tunnel players in clear,2
990,sport,article-sep-4890,Holmes urged to compete at Worlds,2
991,technology,article-sep-3678,How to make a gigapixel picture,0
992,sport,article-sep-3602,IAAF awaits Greek pair's response,2
993,business,article-sep-4876,ID theft surge hits US consumers,1
994,business,article-sep-4207,India and Russia in energy talks,1
995,business,article-sep-1238,Indonesia 'declines debt freeze',1
996,technology,article-sep-4867,Intel unveils laser breakthrough,0
997,business,article-sep-0823,Iran budget seeks state sell-offs,1
998,business,article-sep-0254,Iraq to invite phone licence bids,1
999,sport,article-sep-3264,Ireland 17-12 South Africa,2
1000,sport,article-sep-2587,Ireland 21-19 Argentina,2
1001,business,article-sep-4095,Jarvis sells Tube stake to Spain,1
1002,business,article-sep-1406,Krispy Kreme shares hit,1
1003,sport,article-sep-2272,Kuznetsova 'failed a drugs test',2
1004,sport,article-sep-0584,Laporte tinkers with team,2
1005,sport,article-sep-4404,Lions blow to World Cup winners,2
1006,technology,article-sep-1405,Local net TV takes off in Austria,0
1007,technology,article-sep-2520,Losing yourself in online gaming,0
1008,technology,article-sep-4936,Media gadgets get moving,0
1009,technology,article-sep-1696,Mobile gaming takes off in India,0
1010,technology,article-sep-3711,More movies head to Sony's PSP,0
1011,technology,article-sep-3745,More women turn to net security,0
1012,sport,article-sep-0082,Mourinho expects fight to finish,2
1013,sport,article-sep-3128,Moya clinches Cup for Spain,2
1014,sport,article-sep-4623,Newcastle 27-27 Gloucester,2
1015,sport,article-sep-0592,O'Driscoll saves Irish blushes,2
1016,sport,article-sep-1313,O'Sullivan could run in Worlds,2
1017,sport,article-sep-1672,Old Firm pair handed suspensions,2
1018,technology,article-sep-0863,Online News leads interactive Bafta wins,0
1019,business,article-sep-1411,Palestinian economy in decline,1
1020,technology,article-sep-3583,Putting a face to 'Big Brother',0
1021,business,article-sep-2426,Rich grab half Colombia poor fund,1
1022,business,article-sep-3558,Russia gets investment blessing,1
1023,business,article-sep-1539,Saab to build Cadillacs in Sweden,1
1024,technology,article-sep-3347,Security warning over 'FBI virus',0
1025,sport,article-sep-2082,Spain coach faces racism inquiry,2
1026,technology,article-sep-4027,Spam e-mails tempt net shoppers,0
1027,technology,article-sep-4329,Sporting rivals go to extra time,0
1028,business,article-sep-4851,Standard Life cuts policy bonuses,1
1029,business,article-sep-1519,Stormy year for property insurers,1
1030,technology,article-sep-1782,Swap offer for pirated Windows XP,0
1031,sport,article-sep-4130,Sydney return for Henin-Hardenne,2
1032,business,article-sep-2601,Takeover rumour lifts Exel shares,1
1033,sport,article-sep-0226,Tanzania gets Fifa backing,2
1034,technology,article-sep-2914,Technology hijacked sports,0
1035,technology,article-sep-0174,Tough rules for ringtone sellers,0
1036,sport,article-sep-4443,Trial date is set for Balco case,2
1037,business,article-sep-0063,UK house prices dip in November,1
1038,business,article-sep-4940,UK interest rates held at 4.75%,1
1039,business,article-sep-2528,Venezuela identifies 'idle' farms,1
1040,sport,article-sep-4107,Verdict delay for Greek sprinters,2
1041,business,article-sep-2374,Verizon 'seals takeover of MCI',1
1042,business,article-sep-3813,Vodafone appoints new Japan boss,1
1043,business,article-sep-2892,WMC says Xstrata bid is too low,1
1044,technology,article-sep-0388,Warnings on woeful wi-fi security,0
1045,business,article-sep-3414,Wembley firm won't make a profit,1
1046,business,article-sep-2293,Will Manchester United plc Short Squeeze Soon,1
1047,business,article-sep-1752,Worldcom director ends evidence,1
1048,sport,article-sep-2040,Yeading face Newcastle in FA Cup,2
1049,business,article-sep-0237,Yukos owner sues Russia for $28bn,1
1050,business,article-sep-2517,Yukos unit buyer faces loan claim,1
1051,sport,article-oct-3861,A need to limit foreign numbers,2
1052,technology,article-oct-0443,Apple iPod family expands market,0
1053,technology,article-oct-0777,Apple sues 'Tiger' file sharers,0
1054,technology,article-oct-1914,Apple sues to stop product leaks,0
1055,sport,article-oct-2035,Athens memories soar above lows,2
1056,technology,article-oct-0709,Ban hits Half-Life 2 pirates hard,0
1057,sport,article-oct-1226,Bath faced with Tindall ultimatum,2
1058,sport,article-oct-0945,Bellamy fined after row,2
1059,business,article-oct-1295,Brazil approves bankruptcy reform,1
1060,sport,article-oct-4199,Britain boosted by Holmes double,2
1061,technology,article-oct-0924,Britons fed up with net service,0
1062,business,article-oct-3880,Cactus diet deal for Phytopharm,1
1063,business,article-oct-3790,Call centre users 'lose patience',1
1064,sport,article-oct-3326,Call for Kenteris to be cleared,2
1065,technology,article-oct-1924,Call for action on internet scam,0
1066,technology,article-oct-3040,Camera phones are 'must-haves',0
1067,business,article-oct-1787,China's Shanda buys stake in Sina,1
1068,technology,article-oct-2701,Chip maker backs net phone calls,0
1069,sport,article-oct-2317,Cole refuses to blame van Persie,2
1070,sport,article-oct-0300,Collins appeals against drugs ban,2
1071,business,article-oct-4879,Consumers drive French economy,1
1072,sport,article-oct-0163,Crusaders 2-3 Ballymena United,2
1073,sport,article-oct-4089,Desailly backs Blues revenge trip,2
1074,technology,article-oct-4812,Digital guru floats sub-$100 PC,0
1075,technology,article-oct-4850,Doors open at biggest gadget fair,0
1076,sport,article-oct-3470,Double injury blow strikes Wales,2
1077,technology,article-oct-4758,EU software patent law faces axe,0
1078,business,article-oct-2145,Ebbers 'aware' of WorldCom fraud,1
1079,sport,article-oct-3548,England given tough Sevens draw,2
1080,technology,article-oct-3256,Europe backs digital TV lifestyle,0
1081,business,article-oct-4836,Executive trio leave Aer Lingus,1
1082,sport,article-oct-2748,FA Cup losing its sheen,2
1083,technology,article-oct-0832,Fast moving phone viruses appear,0
1084,business,article-oct-2828,Featured: 'Standoff' on Deutsche's LSE bid,1
1085,technology,article-oct-0817,Featured: 'Ultimate game' award for Doom 3,0
1086,sport,article-oct-2348,Federer joins all-time greats,2
1087,sport,article-oct-1261,Formula 1: US-Qatari investors 'to bid for sport',2
1088,business,article-oct-0898,Fosters buys stake in winemaker,1
1089,business,article-oct-1441,French consumer spending rising,1
1090,technology,article-oct-0064,Games 'deserve a place in class',0
1091,sport,article-oct-2801,Gatlin and Hayes win Owen awards,2
1092,business,article-oct-2209,German bidder in talks with LSE,1
1093,technology,article-oct-2955,Global blogger action day called,0
1094,sport,article-oct-3459,Greece defy the odds at Euro 2004,2
1095,sport,article-oct-4140,Greek pair set for hearing,2
1096,technology,article-oct-4990,Halo fans' hope for sequel,0
1097,business,article-oct-3207,Hariri killing hits Beirut shares,1
1098,sport,article-oct-0844,Hodgson relishes European clashes,2
1099,sport,article-oct-2177,Hong Kong in 2011 World Cup bid,2
1100,sport,article-oct-3103,IAAF will contest Greek decision,2
1101,technology,article-oct-4815,IBM puts cash behind Linux push,0
1102,business,article-oct-4038,IMF agrees fresh Turkey funding,1
1103,business,article-oct-1049,India and Iran in gas export deal,1
1104,business,article-oct-1011,India power shares jump on debut,1
1105,business,article-oct-0417,India's Deccan seals $1.8bn deal,1
1106,business,article-oct-3162,Indian oil firm eyes Yukos assets,1
1107,business,article-oct-0421,Israeli economy picking up pace,1
1108,business,article-oct-2333,Japan bank shares up on link talk,1
1109,business,article-oct-4803,Japanese mogul arrested for fraud,1
1110,sport,article-oct-1193,Kewell waits as injury drags on,2
1111,business,article-oct-4546,Khodorkovsky ally denies charges,1
1112,sport,article-oct-0057,Leeds v Saracens (Fri),2
1113,sport,article-oct-4981,Liverpool pledge to keep Gerrard,2
1114,sport,article-oct-4914,Llewellyn plans Wales retirement,2
1115,business,article-oct-1753,Lloyd's of London head chides FSA,1
1116,sport,article-oct-2102,Mauresmo opens with victory in LA,2
1117,business,article-oct-2774,Metlife buys up Citigroup insurer,1
1118,technology,article-oct-4605,Microsoft seeking spyware trojan,0
1119,technology,article-oct-3910,Mobile audio enters new dimension,0
1120,technology,article-oct-2454,Mobile networks seek turbo boost,0
1121,technology,article-oct-0059,Movie body targets children's PCs,0
1122,technology,article-oct-0992,Napster offers rented music to go,0
1123,technology,article-oct-2740,New business technology trends,0
1124,sport,article-oct-2886,Nike defends under-fire football,2
1125,technology,article-oct-4166,Nintendo handheld given Euro date,0
1126,business,article-oct-2188,Nissan names successor to Ghosn,1
1127,technology,article-oct-4084,Nuclear body seeks new tech,0
1128,business,article-oct-2574,Oil prices reach three-month low,1
1129,technology,article-oct-3663,Open source leaders slam patents,0
1130,sport,article-oct-2181,Owen determined to stay in Madrid,2
1131,sport,article-oct-0999,Owen set for skipper role,2
1132,technology,article-oct-2121,Peer-to-peer nets 'here to stay',0
1133,business,article-oct-2094,Pension hitch for long-living men,1
1134,sport,article-oct-2301,Radcliffe enjoys winning comeback,2
1135,technology,article-oct-0815,Reboot ordered for EU patent law,0
1136,sport,article-oct-3222,Relay squad thrilled with honours,2
1137,sport,article-oct-4804,Reyes tricked into Real admission,2
1138,technology,article-oct-1215,Rings of steel combat net attacks,0
1139,sport,article-oct-2080,Rivals back anti-racism campaign,2
1140,business,article-oct-0412,Ryanair in $4bn Boeing plane deal,1
1141,sport,article-oct-3387,SA supports Fifa control,2
1142,sport,article-oct-3524,Safin relieved at Aussie recovery,2
1143,sport,article-oct-0580,Scotland 18-10 Italy,2
1144,sport,article-oct-0746,Sculthorpe wants Lions captaincy,2
1145,business,article-oct-1921,Sluggish economy hits German jobs,1
1146,sport,article-oct-0382,Souness backs Smith for Scotland,2
1147,technology,article-oct-1007,Speak easy plan for media players,0
1148,business,article-oct-3749,Steady job growth continues in US,1
1149,technology,article-oct-3029,Sun offers processing by the hour,0
1150,technology,article-oct-0721,Supercomputer breaks speed record,0
1151,technology,article-oct-0108,TV future in the hands of viewers,0
1152,business,article-oct-3547,Tate & Lyle boss bags top award,1
1153,sport,article-oct-0113,Taylor poised for Scotland return,2
1154,sport,article-oct-0512,Tevez - an Argentine in Brazil,2
1155,technology,article-oct-1276,Tough rules for ringtone sellers,0
1156,business,article-oct-0911,Tsunami cost hits Jakarta shares,1
1157,business,article-oct-2527,Two Nigerian banks set to merge,1
1158,technology,article-oct-0621,UK net users leading TV downloads,0
1159,business,article-oct-1756,US bank 'loses' customer details,1
1160,technology,article-oct-3563,US duo in first spam conviction,0
1161,business,article-oct-3862,US firm pulls out of Iraq,1
1162,business,article-oct-2448,US gives foreign firms extra time,1
1163,business,article-oct-1751,US prepares for hybrid onslaught,1
1164,sport,article-oct-1516,Van Nistelrooy hungry for return,2
1165,business,article-oct-3160,WMC profits up amid bid criticism,1
1166,technology,article-oct-0660,Web logs aid disaster recovery,0
1167,sport,article-oct-2835,Wenger offers Mutu hope,2
1168,sport,article-oct-4649,What now for Kelly Holmes?,2
1169,sport,article-oct-3920,"Why technology in sport poses a threat to keeping the game fair, safe and affordable",2
1170,sport,article-oct-2293,Williams battles to Aussie title,2
1171,business,article-oct-2189,WorldCom director admits lying,1
1172,business,article-oct-4749,Yukos bankruptcy 'not US matter',1
1173,sport,article-nov-3410,All Black magic: New Zealand rugby,2
1174,sport,article-nov-3432,Anelka 'eyes Man City departure',2
1175,technology,article-nov-3526,Apple Mac mini gets warm welcome,0
1176,technology,article-nov-1412,Apple laptop is 'greatest gadget',0
1177,business,article-nov-2347,Asia quake increases poverty risk,1
1178,technology,article-nov-2329,Ask Jeeves joins web log market,0
1179,business,article-nov-0186,Australia rates at four year high,1
1180,business,article-nov-0386,BMW reveals new models pipeline,1
1181,business,article-nov-1815,BMW to recall faulty diesel cars,1
1182,business,article-nov-3071,Ban on forced retirement under 65,1
1183,business,article-nov-3512,Bank opts to leave rates on hold,1
1184,business,article-nov-3037,Bank voted 8-1 for no rate change,1
1185,business,article-nov-4414,Barclays profits hit record level,1
1186,sport,article-nov-4953,Beckham rules out management move,2
1187,business,article-nov-2298,Boeing secures giant Japan order,1
1188,sport,article-nov-3205,Bookies pay out on Spurs 'goal',2
1189,business,article-nov-0449,Booming markets shed few tears,1
1190,sport,article-nov-4384,Borders 19-20 Ulster,2
1191,sport,article-nov-4904,Bortolami predicts dour contest,2
1192,sport,article-nov-3590,Brentford v Southampton,2
1193,sport,article-nov-3584,Bridge could miss rest of season,2
1194,technology,article-nov-4254,Britons growing 'digitally obese',0
1195,technology,article-nov-2334,Broadband fuels online change,0
1196,business,article-nov-2909,Budget Aston takes on Porsche,1
1197,sport,article-nov-3579,Campbell rescues Arsenal,2
1198,business,article-nov-2737,Car giant hit by Mercedes slump,1
1199,sport,article-nov-4176,Celtic unhappy over Bulgaria date,2
1200,sport,article-nov-1674,Collins to compete in Birmingham,2
1201,technology,article-nov-1801,Computer grid to help the world,0
1202,sport,article-nov-4606,Connors' rallying cry for British tennis,2
1203,technology,article-nov-2647,Consumers 'snub portable video',0
1204,business,article-nov-3091,Court rejects $280bn tobacco case,1
1205,business,article-nov-2546,Criminal probe on Citigroup deals,1
1206,sport,article-nov-4461,Dawson joins England injury list,2
1207,sport,article-nov-2714,Desailly backs Blues revenge trip,2
1208,technology,article-nov-2130,Digital UK driven by net and TV,0
1209,business,article-nov-3500,Disney settles disclosure charges,1
1210,sport,article-nov-1451,Downing injury mars Uefa victory,2
1211,sport,article-nov-0372,Duff ruled out of Barcelona clash,2
1212,business,article-nov-4242,ECB holds rates amid growth fears,1
1213,technology,article-nov-2953,EU software patent law delayed,0
1214,business,article-nov-1329,Fiat mulls Ferrari market listing,1
1215,technology,article-nov-2527,Finding new homes for old phones,0
1216,technology,article-nov-3879,Firefox browser takes on Microsoft,0
1217,technology,article-nov-4060,France starts digital terrestrial,0
1218,business,article-nov-3626,G7 backs Africa debt relief plan,1
1219,sport,article-nov-3702,GB select Holmes for double bid,2
1220,business,article-nov-0130,"GM, Ford cut output as sales fall",1
1221,sport,article-nov-4260,Gallas sees two-horse race,2
1222,technology,article-nov-3907,Games enter the classroom,0
1223,sport,article-nov-0746,Gardener battles to narrow win,2
1224,business,article-nov-0232,Gold falls on IMF sale concerns,1
1225,business,article-nov-1428,Green reports shun supply chain,1
1226,technology,article-nov-1085,Half-Life 2 sweeps Bafta awards,0
1227,sport,article-nov-1407,Hearts 2-1 Livingston,2
1228,sport,article-nov-3342,Hingis to make unexpected return,2
1229,sport,article-nov-4180,Hitzlsperger waiting on O'Leary,2
1230,technology,article-nov-1466,How to make a greener computer,0
1231,sport,article-nov-4049,IAAF to rule on Greek sprint pair,2
1232,business,article-nov-4897,IMF 'cuts' German growth estimate,1
1233,business,article-nov-0748,Indonesians face fuel price rise,1
1234,technology,article-nov-1277,Internet boom for gift shopping,0
1235,sport,article-nov-0580,Iranian misses Israel match,2
1236,business,article-nov-3296,Japanese banking battle at an end,1
1237,sport,article-nov-4356,Johnson announces June retirement,2
1238,sport,article-nov-3617,Johnson edges out rival Sotherton,2
1239,sport,article-nov-1260,Jol joy at 'professional' Cup win,2
1240,sport,article-nov-0628,Jones files Conte lawsuit,2
1241,technology,article-nov-0654,Junk e-mails on relentless rise,0
1242,business,article-nov-0518,Karachi stocks hit historic high,1
1243,technology,article-nov-2968,Kenyan school turns to handhelds,0
1244,technology,article-nov-3867,Looks and music to drive mobiles,0
1245,business,article-nov-0420,McDonald's to sponsor MTV show,1
1246,sport,article-nov-4250,Mexicans tracking unhappy Juninho,2
1247,technology,article-nov-4495,Microsoft gets the blogging bug,0
1248,business,article-nov-2769,Millions go missing at China bank,1
1249,technology,article-nov-1623,Mobile music challenges 'iPod age',0
1250,sport,article-nov-4572,Moody joins up with England,2
1251,sport,article-nov-1118,Mourinho defiant on Chelsea form,2
1252,technology,article-nov-4319,Movie body hits peer-to-peer nets,0
1253,sport,article-nov-0662,Moya emotional at Davis Cup win,2
1254,sport,article-nov-0319,Newry to fight cup exit in courts,2
1255,technology,article-nov-1730,Norway upholds 'Napster' ruling,0
1256,technology,article-nov-4517,Online News web search aids odd queries,0
1257,technology,article-nov-1386,PC photo printers challenge pros,0
1258,sport,article-nov-3935,Palace threat over Cantona masks,2
1259,business,article-nov-0317,Parmalat bank barred from suing,1
1260,sport,article-nov-0906,Pennant guilty of wasting talent,2
1261,sport,article-nov-2832,Player burn-out worries Robinson,2
1262,business,article-nov-1255,Qwest may spark MCI bidding war,1
1263,business,article-nov-4235,Rank 'set to sell off film unit',1
1264,sport,article-nov-2326,Reaction from Spanish press,2
1265,business,article-nov-1637,Retail sales show festive fervour,1
1266,sport,article-nov-0761,Roddick to face Saulnier in final,2
1267,sport,article-nov-4428,Rush future at Chester uncertain,2
1268,business,article-nov-4174,Russian oil merger excludes Yukos,1
1269,business,article-nov-2399,S Korean credit card firm rescued,1
1270,sport,article-nov-2282,Scrum-half Williams rejoins Bath,2
1271,technology,article-nov-1288,Smartphones suffer Skulls attack,0
1272,technology,article-nov-3650,Software watching while you work,0
1273,sport,article-nov-0435,Sports Direct investors veto £11m payout to Ashley's brother,2
1274,business,article-nov-1149,Survey confirms property slowdown,1
1275,sport,article-nov-0147,Tartan Army given safety pledge,2
1276,sport,article-nov-1264,Teenager Tait picked for England,2
1277,technology,article-nov-2018,Text message record smashed again,0
1278,sport,article-nov-2115,Thomas out of Six Nations,2
1279,business,article-nov-4659,Tobacco giants hail court ruling,1
1280,technology,article-nov-2397,Toxic web links help virus spread,0
1281,business,article-nov-1341,Tsunami slows Sri Lanka's growth,1
1282,business,article-nov-3574,UK young top Euro earnings league,1
1283,technology,article-nov-2226,US duo in first spam conviction,0
1284,business,article-nov-0560,US regulator to rule on pain drug,1
1285,technology,article-nov-4374,US state acts to stop 'spammers',0
1286,business,article-nov-0575,US to probe airline travel chaos,1
1287,sport,article-nov-1388,Wales hails new superstar,2
1288,business,article-nov-3587,Wall Street cheers Bush victory,1
1289,technology,article-nov-0584,What price for 'trusted PC security'?,0
1290,sport,article-nov-4426,Wilkinson to lead England,2
1291,technology,article-nov-2469,Windows worm travels with Tetris,0
1292,business,article-nov-1794,Winter freeze keeps oil above $50,1
1293,business,article-nov-1348,Worldcom ex-boss launches defence,1
1294,sport,article-dec-0244,2004 - A year to remember,2
1295,business,article-dec-0895,Absa and Barclays talks continue,1
1296,technology,article-dec-4490,Ask Jeeves joins web log market,0
1297,business,article-dec-0891,Ask Jeeves tips online ad revival,1
1298,business,article-dec-0672,BMW cash to fuel Mini production,1
1299,technology,article-dec-3487,Bad e-mail habits sustains spam,0
1300,business,article-dec-0478,Bad weather hits Nestle sales,1
1301,sport,article-dec-2633,Barbarians 19-47 New Zealand,2
1302,sport,article-dec-4269,Big guns ease through in San Jose,2
1303,sport,article-dec-1656,Blues slam Blackburn over Savage,2
1304,business,article-dec-3628,Borussia Dortmund near bust,1
1305,business,article-dec-2267,Brazil buy boosts Belgium's Inbev,1
1306,technology,article-dec-4194,Broadband soars in 2004,0
1307,technology,article-dec-2360,China 'ripe' for media explosion,0
1308,business,article-dec-2956,China continues breakneck growth,1
1309,business,article-dec-4469,Chinese wine tempts Italy's Illva,1
1310,business,article-dec-2115,Consumer spending lifts US growth,1
1311,business,article-dec-0625,Could Yukos be a blessing in disguise?,1
1312,sport,article-dec-2771,Cup holders Man Utd visit Everton,2
1313,sport,article-dec-0788,D'Arcy injury adds to Ireland woe,2
1314,sport,article-dec-1911,Dallaglio eyeing Lions tour place,2
1315,business,article-dec-3413,Delta cuts fares in survival plan,1
1316,business,article-dec-0038,Dollar gains on Greenspan speech,1
1317,technology,article-dec-0035,Dozens held over ID fraud site,0
1318,business,article-dec-4444,Economy 'strong' in election year,1
1319,sport,article-dec-4307,Edu describes tunnel fracas,2
1320,sport,article-dec-4450,European medal chances improve,2
1321,sport,article-dec-3044,Federer breezes into semi-finals,2
1322,sport,article-dec-3401,Federer claims Dubai crown,2
1323,sport,article-dec-1775,Ferdinand casts doubt over Glazer,2
1324,technology,article-dec-2589,File-swappers ready new network,0
1325,business,article-dec-3264,France Telecom gets Orange boost,1
1326,technology,article-dec-0784,Game firm holds 'cast' auditions,0
1327,technology,article-dec-2635,Games maker fights for survival,0
1328,technology,article-dec-3589,Games win for Blu-ray DVD format,0
1329,technology,article-dec-3518,Gizmondo gadget hits the shelves,0
1330,business,article-dec-0473,Glaxo aims high after profit fall,1
1331,technology,article-dec-2110,Global digital divide 'narrowing',0
1332,business,article-dec-2790,Google shares fall as staff sell,1
1333,sport,article-dec-0180,Hamm bows out for US,2
1334,sport,article-dec-3784,Harinordoquy suffers France axe,2
1335,sport,article-dec-3423,Hewitt overcomes wobble in Sydney,2
1336,technology,article-dec-4596,Hollywood campaign hits websites,0
1337,business,article-dec-1585,House prices rebound says Halifax,1
1338,business,article-dec-2351,India calls for fair trade rules,1
1339,business,article-dec-2624,India opens skies to competition,1
1340,business,article-dec-1865,Industrial output falls in Japan,1
1341,business,article-dec-0232,Irish markets reach all-time high,1
1342,business,article-dec-4377,Japan narrowly escapes recession,1
1343,business,article-dec-4926,Japan turns to beer alternatives,1
1344,technology,article-dec-1263,Joke e-mail virus tricks users,0
1345,sport,article-dec-1718,Jones files lawsuit against Conte,2
1346,sport,article-dec-2008,Jones happy with Henson heroics,2
1347,sport,article-dec-4999,Jones medals 'must go if guilty',2
1348,sport,article-dec-3411,Lewsey puzzle over disallowed try,2
1349,technology,article-dec-2288,Lifestyle 'governs mobile choice',0
1350,sport,article-dec-1460,Linesman defends disallowed goal,2
1351,sport,article-dec-3392,London Irish 19-33 Wasps,2
1352,sport,article-dec-0393,Melzer shocks Agassi,2
1353,technology,article-dec-1629,Microsoft plans 'safer ID' system,0
1354,technology,article-dec-1156,Millions to miss out on the net,0
1355,technology,article-dec-0557,Mobile games come of age,0
1356,technology,article-dec-4844,Mobile gig aims to rock 3G,0
1357,sport,article-dec-3260,Moya fights back for Indian title,2
1358,technology,article-dec-1963,Multi-purpose TV aids India,0
1359,sport,article-dec-3608,Munster Cup tie switched to Spain,2
1360,business,article-dec-4161,Nortel in $300m profit revision,1
1361,sport,article-dec-0910,Officials respond in court row,2
1362,business,article-dec-4820,Oil rebounds from weather effect,1
1363,sport,article-dec-2402,Parry firm over Gerrard,2
1364,sport,article-dec-1135,Parry puts Gerrard 'above money',2
1365,technology,article-dec-0909,Piero gives rugby perspective,0
1366,technology,article-dec-4678,Players sought for $1m prize,0
1367,sport,article-dec-0712,QPR keeper Day heads for Preston,2
1368,business,article-dec-0481,Renault boss hails 'great year',1
1369,technology,article-dec-3993,Report: Benitez delight after crucial win,0
1370,technology,article-dec-3175,Rings of steel combat net attacks,0
1371,business,article-dec-3052,Saudi NCCI's shares soar,1
1372,technology,article-dec-3186,Savvy searchers fail to spot ads,0
1373,sport,article-dec-0204,Scots suffer another injury blow,2
1374,technology,article-dec-4675,Search wars hit desktop PCs,0
1375,technology,article-dec-2813,Security warning over 'FBI virus',0
1376,technology,article-dec-3030,Slow start to speedy net services,0
1377,technology,article-dec-3403,Sony PSP handheld console hits US,0
1378,technology,article-dec-2445,Sony PSP tipped as a 'must-have',0
1379,sport,article-dec-4353,Stevens named in England line-up,2
1380,technology,article-dec-2117,T-Mobile bets on 'pocket office',0
1381,business,article-dec-3966,Takeover offer for Sunderland FC,1
1382,technology,article-dec-1690,The future in your pocket,0
1383,sport,article-dec-3207,The gloves are off,2
1384,sport,article-dec-2963,Tigers wary of Farrell 'gamble',2
1385,business,article-dec-2023,Troubled Marsh under SEC scrutiny,1
1386,technology,article-dec-2397,UK gets official virus alert site,0
1387,technology,article-dec-3903,US blogger fired by her airline,0
1388,business,article-dec-3692,US company admits Benin bribery,1
1389,business,article-dec-0367,US seeks new $280bn smoker ruling,1
1390,technology,article-dec-3169,US woman sues over cartridges,0
1391,sport,article-dec-0271,Uefa approves fake grass,2
1392,sport,article-dec-4210,Unclear future for striker Baros,2
1393,business,article-dec-0983,Venezuela reviews foreign deals,1
1394,sport,article-dec-3570,Vickery out of Six Nations,2
1395,sport,article-dec-2331,Wales make two changes for France,2
1396,technology,article-dec-3694,Warning over tsunami aid website,0
1397,business,article-dec-1576,Weak dollar hits Online News,1
1398,sport,article-dec-4918,Wenger dejected as Arsenal slump,2
1399,technology,article-dec-2759,What high-definition will do to DVDs,0
1400,technology,article-dec-4347,What's next for next-gen consoles?,0
1401,business,article-dec-3179,Why few targets are better than many,1
1402,technology,article-dec-1456,Wi-fi web reaches farmers in Peru,0
1403,sport,article-dec-2238,Woodward eyes Brennan for Lions,2
1404,business,article-dec-2334,WorldCom trial starts in New York,1
1405,business,article-dec-2095,Yukos accused of lying to court,1
1406,business,article-dec-1351,Yukos drops banks from court bid,1
1407,sport,article-dec-0068,Zambia confident and cautious,2
